city,country,lat,lng,max_temp,humidity,cloudiness,wind_speed,date
Susanville,US,40.4163,-120.653,71.6,6,1,3.44,1619655810
Port Alfred,ZA,-33.5906,26.891,66.22,79,98,8.48,1619655836
Rikitea,PF,-23.1203,-134.9692,76.06,66,41,10.02,1619655836
Korgen,NO,66.0771,13.8153,35.01,73,91,2.15,1619655836
Albany,US,42.6001,-73.9662,57.99,86,96,2.82,1619655837
Saskylakh,RU,71.9167,114.0833,23.45,88,87,7.67,1619655837
Arrifes,PT,37.7667,-25.7,57.2,72,75,3.44,1619655837
East London,ZA,-33.0153,27.9116,68.0,73,100,4.07,1619655838
Bambous Virieux,MU,-20.3428,57.7575,77.0,83,75,11.5,1619655838
Vila Franca do Campo,PT,37.7167,-25.4333,57.2,72,75,3.44,1619655838
Codrington,AU,-38.2667,141.9667,61.34,60,10,7.2,1619655839
Dothan,US,31.2232,-85.3905,80.6,54,20,6.91,1619655839
Avarua,CK,-21.2078,-159.775,84.2,79,40,6.91,1619655839
Saint-Philippe,RE,-21.3585,55.7679,75.2,73,0,6.91,1619655840
Ushuaia,AR,-54.8,-68.3,37.4,87,40,21.85,1619655840
Vaini,TO,-21.2,-175.2,80.6,83,75,8.05,1619655840
Rocha,UY,-34.4833,-54.3333,54.46,88,37,3.74,1619655687
Calatayud,ES,41.3535,-1.6432,55.4,100,39,3.15,1619655841
Atuona,PF,-9.8,-139.0333,79.43,70,87,9.98,1619655841
Sechura,PE,-5.5569,-80.8222,73.13,66,51,14.99,1619655841
Montepuez,MZ,-13.1256,38.9997,67.33,99,67,3.44,1619655841
New Norfolk,AU,-42.7826,147.0587,57.99,83,100,1.01,1619655842
Cape Town,ZA,-33.9258,18.4232,55.99,93,40,3.44,1619655714
San Cristobal,VE,7.7669,-72.225,77.0,100,75,4.61,1619655656
Punta Arenas,CL,-53.15,-70.9167,41.0,87,75,26.46,1619655842
Los Llanos de Aridane,ES,28.6585,-17.9182,68.0,60,90,6.91,1619655843
Bluff,NZ,-46.6,168.3333,57.99,80,96,8.01,1619655843
Mataura,NZ,-46.1927,168.8643,57.99,80,97,8.01,1619655843
Nanortalik,GL,60.1432,-45.2371,35.4,93,78,4.45,1619655844
Sitka,US,57.0531,-135.33,50.0,66,90,6.91,1619655844
Puerto Ayora,EC,-0.7393,-90.3518,75.99,86,46,6.73,1619655845
Pedernales,DO,18.0384,-71.744,76.08,78,32,6.78,1619655845
Ouango,CF,4.3133,22.5552,71.42,98,100,1.03,1619655845
Tasiilaq,GL,65.6145,-37.6368,32.0,93,90,3.44,1619655845
Busselton,AU,-33.65,115.3333,62.01,96,97,6.58,1619655769
Vallenar,CL,-28.5708,-70.7581,65.17,60,0,3.13,1619655846
Hamilton,US,39.1834,-84.5333,68.0,100,75,6.91,1619655711
Govindgarh,IN,27.5,76.9833,86.41,12,0,2.89,1619655846
Nome,US,64.5011,-165.4064,33.8,60,40,8.05,1619655847
Faanui,PF,-16.4833,-151.75,82.13,71,81,10.87,1619655847
Wilmington,US,34.2257,-77.9447,71.6,68,1,13.8,1619655822
Torbay,CA,47.6666,-52.7314,39.0,87,75,10.36,1619655847
Kapaa,US,22.0752,-159.319,73.4,94,90,16.11,1619655848
Monrovia,LR,6.3005,-10.7969,78.8,94,20,5.99,1619655848
Tura,IN,25.5198,90.2201,73.87,43,0,4.23,1619655848
Marawi,PH,7.9986,124.2928,82.0,77,96,0.74,1619655849
Hobart,AU,-42.8794,147.3294,60.8,63,75,6.91,1619655718
Jamestown,US,42.097,-79.2353,68.0,77,90,5.75,1619655639
Carnarvon,AU,-24.8667,113.6333,66.2,68,1,5.75,1619655850
Ancud,CL,-41.8697,-73.8203,59.0,100,90,12.66,1619655850
Jumla,NP,29.2747,82.1838,47.17,69,30,5.82,1619655850
Oranjestad,AW,12.524,-70.027,79.0,78,20,13.8,1619655715
Lebu,CL,-37.6167,-73.65,55.72,91,89,5.5,1619655851
Bredasdorp,ZA,-34.5322,20.0403,53.6,82,45,5.75,1619655851
Tiksi,RU,71.6872,128.8694,26.37,90,49,7.25,1619655851
Blagoyevo,RU,63.3667,47.9167,29.03,80,100,3.91,1619655852
Tuktoyaktuk,CA,69.4541,-133.0374,30.2,74,20,13.8,1619655852
Makkah al Mukarramah,SA,21.4267,39.8261,83.43,47,9,4.7,1619655625
Bengkulu,ID,-3.8004,102.2655,76.1,88,84,3.22,1619655812
Esil,KZ,51.9556,66.4042,48.16,72,96,6.82,1619655853
‘Āhuimanu,US,21.4447,-157.8378,80.6,69,90,9.22,1619655853
Stephenville,US,32.2207,-98.2023,77.0,69,1,3.44,1619655854
Bollnäs,SE,61.3482,16.3946,30.47,82,51,2.08,1619655854
Ambilobe,MG,-13.2,49.05,72.14,95,5,3.33,1619655854
Tonj,SS,7.2737,28.6822,78.12,71,93,4.34,1619655854
Tessalit,ML,20.1986,1.0114,91.33,8,83,9.37,1619655855
Yangi Marg`ilon,UZ,40.4272,71.7189,66.2,76,0,2.06,1619655855
Grand Gaube,MU,-20.0064,57.6608,75.0,91,98,5.01,1619655855
Mar del Plata,AR,-38.0023,-57.5575,66.0,82,0,9.22,1619655856
Port Lincoln,AU,-34.7333,135.8667,67.12,45,9,3.06,1619655856
Ust'-Koksa,RU,50.2696,85.6108,48.24,76,93,2.46,1619655856
Shirokiy,RU,49.758,129.523,48.16,38,62,7.16,1619655857
Omboué,GA,-1.5746,9.2618,77.86,88,96,2.26,1619655857
Salalah,OM,17.0151,54.0924,84.2,79,40,5.75,1619655857
Assaí,BR,-23.3733,-50.8414,69.8,56,0,3.44,1619655858
Padang,ID,-0.9492,100.3543,77.0,100,75,2.3,1619655858
Thompson,CA,55.7435,-97.8558,33.8,27,20,13.8,1619655859
Upernavik,GL,72.7868,-56.1549,20.93,93,42,3.22,1619655859
Jasrāna,IN,27.25,78.6833,85.44,10,15,7.34,1619655859
Mahébourg,MU,-20.4081,57.7,77.0,83,75,11.5,1619655860
Geraldton,AU,-28.7667,114.6,62.6,63,95,9.22,1619655798
Ilulissat,GL,69.2167,-51.1,33.8,80,99,8.05,1619655778
Minot,US,48.2325,-101.2963,55.4,30,1,14.97,1619655860
Port Hardy,CA,50.6996,-127.4199,50.0,93,90,14.97,1619655600
Butaritari,KI,3.0707,172.7902,81.9,78,95,11.56,1619655860
Makubetsu,JP,45.3714,141.8211,53.6,71,75,19.57,1619655861
Nelson Bay,AU,-32.7167,152.15,68.0,82,20,5.75,1619655861
Port-Gentil,GA,-0.7193,8.7815,80.6,89,20,5.75,1619655861
Plettenberg Bay,ZA,-34.0527,23.3716,60.6,85,99,8.08,1619655862
Saint-Augustin,CA,51.226,-58.6502,41.81,82,87,2.28,1619655862
Bubaque,GW,11.2833,-15.8333,77.59,72,28,18.37,1619655862
Castro,BR,-24.7911,-50.0119,53.04,86,12,4.07,1619655863
Kirensk,RU,57.7853,108.1119,30.11,65,8,7.11,1619655863
Kapit,MY,2.0167,112.9333,76.05,92,100,0.54,1619655864
Santiago de Cao,PE,-7.9589,-79.2392,64.4,88,90,9.22,1619655864
Beringovskiy,RU,63.05,179.3167,29.8,73,4,5.26,1619655865
Wādi,IN,17.0667,76.9833,85.06,36,100,5.21,1619655865
Kirovskiy,RU,45.0917,133.5136,51.53,49,1,6.69,1619655865
Paka,MY,4.6374,103.4368,78.8,94,20,2.21,1619655866
Yaan,NG,7.3833,8.5667,78.57,71,81,6.78,1619655866
Noyabrsk,RU,63.1994,75.4507,34.18,86,90,8.79,1619655866
Hofn,IS,64.2539,-15.2082,37.04,65,57,9.86,1619655867
Aklavik,CA,68.2191,-135.0107,39.2,48,9,8.05,1619655867
Pangody,RU,65.85,74.4859,26.29,88,100,2.86,1619655867
Constitución,CL,-35.3333,-72.4167,58.01,75,32,9.31,1619655868
Valdivia,CL,-39.8142,-73.2459,51.8,100,99,2.3,1619655756
Hong Kong,HK,22.2855,114.1577,73.0,78,97,7.54,1619655587
Airai,TL,-8.9266,125.4092,68.11,52,16,1.9,1619655868
Dingle,PH,10.9995,122.6711,81.48,71,55,6.6,1619655869
Wuwei,CN,37.9281,102.6414,60.4,19,18,16.84,1619655870
Pevek,RU,69.7008,170.3133,20.93,79,100,9.31,1619655870
Papara,BR,-3.9839,-38.7273,84.0,78,0,8.05,1619655870
Adrar,MR,20.5022,-10.0711,84.72,24,25,10.85,1619655832
Ziarat,PK,30.3823,67.7282,56.89,34,79,1.23,1619655871
Arraial do Cabo,BR,-22.9661,-42.0278,69.8,100,75,4.61,1619655871
Berdigestyakh,RU,62.0989,126.6992,25.36,79,89,4.9,1619655871
Chui,UY,-33.6971,-53.4616,56.25,85,7,1.19,1619655842
Vardø,NO,70.3705,31.1107,28.51,71,100,15.97,1619655872
Hilo,US,19.7297,-155.09,84.2,54,20,9.22,1619655872
Khatanga,RU,71.9667,102.5,26.4,92,100,3.56,1619655853
Ginda,IN,30.6945,78.4932,58.24,36,2,8.75,1619655873
Vestmanna,FO,62.1564,-7.1664,37.4,81,75,4.61,1619655873
Cockburn Town,TC,21.4612,-71.1419,78.06,76,5,21.16,1619655874
Shatrovo,RU,56.5167,64.6333,39.67,71,96,8.59,1619655670
Havre-St-Pierre,CA,50.2334,-63.5986,41.0,93,90,5.75,1619655874
Brigantine,US,39.4101,-74.3646,80.6,39,1,10.36,1619655718
Pacific Grove,US,36.6177,-121.9166,72.0,48,1,9.22,1619655762
Taoudenni,ML,22.6783,-3.9836,92.55,16,42,10.45,1619655813
Ranong,TH,9.9658,98.6348,75.2,100,20,1.9,1619655875
Necochea,AR,-38.5473,-58.7368,57.99,94,65,1.01,1619655875
Iqaluit,CA,63.7506,-68.5145,28.4,93,90,9.22,1619655840
Burnie,AU,-41.0667,145.9167,57.99,83,99,4.0,1619655875
Ketchikan,US,55.3422,-131.6461,50.0,87,90,4.61,1619655876
Pilar,BR,-9.5972,-35.9567,75.2,94,75,2.3,1619655876
Mareeba,AU,-17.0,145.4333,73.99,87,38,1.01,1619655876
Klaksvík,FO,62.2266,-6.589,37.4,81,75,4.61,1619655877
Ternate,ID,0.8,127.4,82.17,73,98,1.19,1619655877
Hamina,FI,60.5697,27.1979,32.0,80,40,5.75,1619655877
Qaanaaq,GL,77.484,-69.3632,28.51,87,100,6.04,1619655877
Paamiut,GL,61.994,-49.6678,36.52,80,100,1.14,1619655878
Āsind,IN,25.7333,74.3333,82.36,28,77,15.79,1619655878
Hithadhoo,MV,-0.6,73.0833,82.98,72,43,7.09,1619655878
Treinta y Tres,UY,-33.2333,-54.3833,54.3,79,16,1.3,1619655879
Healdsburg,US,38.6105,-122.8692,82.99,19,1,13.8,1619655879
Turukhansk,RU,65.8167,87.9833,30.72,98,100,4.68,1619655675
Nemuro,JP,43.3236,145.575,59.0,51,75,4.61,1619655879
Santiago del Estero,AR,-27.7951,-64.2615,66.92,56,45,7.25,1619655880
Sucúa,EC,-2.4667,-78.1667,69.8,88,40,5.75,1619655880
São Miguel do Araguaia,BR,-13.275,-50.1628,77.31,70,57,3.56,1619655880
Roald,NO,62.5833,6.1333,37.4,81,17,18.41,1619655881
North Auburn,US,38.9313,-121.0819,84.99,18,1,5.75,1619655881
Leningradskiy,RU,69.3833,178.4167,24.19,72,26,1.61,1619655881
Hermanus,ZA,-34.4187,19.2345,55.99,85,22,1.99,1619655882
Xinyu,CN,27.8043,114.9334,64.2,84,61,5.19,1619655882
Saldanha,ZA,-33.0117,17.9442,53.6,87,27,4.61,1619655869
Acapulco de Juárez,MX,16.8634,-99.8901,82.4,78,75,10.36,1619655664
Changtu,CN,42.7788,124.0955,57.67,23,88,18.77,1619655883
Sørland,NO,67.667,12.6934,37.35,63,71,12.15,1619655883
Mount Isa,AU,-20.7333,139.5,78.8,34,0,10.36,1619655883
Port Augusta,AU,-32.5,137.7667,66.2,63,0,8.05,1619655884
Bay Roberts,CA,47.5999,-53.2648,39.0,89,97,1.01,1619655884
Rudnogorsk,RU,57.2639,103.7519,27.99,65,11,8.21,1619655885
Veshenskaya,RU,49.6303,41.7334,39.97,69,7,3.38,1619655885
Pundaguitan,PH,6.3711,126.1689,81.59,75,97,3.83,1619655885
Opuwo,NA,-18.0607,13.84,65.86,55,22,4.52,1619655886
Lata,PT,40.1629,-8.3327,57.0,78,46,5.01,1619655886
Hoa Binh,VN,20.8133,105.3383,69.8,88,0,3.44,1619655886
Longyearbyen,SJ,78.2186,15.6401,21.2,68,40,9.22,1619655886
Fairbanks,US,64.8378,-147.7164,52.0,23,1,3.62,1619655887
Kaitangata,NZ,-46.2817,169.8464,60.01,58,99,8.01,1619655887
Atyrau,KZ,47.1167,51.8833,46.4,81,0,13.42,1619655888
Esperance,AU,-33.8667,121.9,73.4,25,100,23.02,1619655810
Severo-Kuril'sk,RU,50.6789,156.125,36.16,87,99,0.43,1619655888
Ribeira Grande,PT,38.5167,-28.7,59.38,71,35,15.19,1619655888
San Quintín,MX,30.4833,-115.95,64.36,63,0,13.76,1619655889
Aksarka,RU,66.5606,67.7975,23.56,91,100,8.43,1619655889
Charters Towers,AU,-20.1,146.2667,73.15,58,0,9.64,1619655889
Kroya,ID,-7.6331,109.2461,80.04,72,93,4.23,1619655890
Killarney,IE,52.05,-9.5167,39.25,87,64,2.37,1619655890
Puri,IN,19.8,85.85,80.6,94,20,8.05,1619655890
Acajutla,SV,13.5928,-89.8275,84.2,54,40,6.02,1619655891
Kununurra,AU,-15.7667,128.7333,84.2,65,11,6.91,1619655891
Naze,JP,28.3667,129.4833,71.6,94,75,25.32,1619655850
Pisco,PE,-13.7,-76.2167,66.2,88,78,4.61,1619655892
Kiunga,PG,-6.1219,141.2906,75.52,92,100,1.72,1619655892
Aykhal,RU,66.0,111.5,26.55,86,44,8.7,1619655892
Lagos,NG,6.5833,3.75,78.8,89,20,3.44,1619655712
Cabo San Lucas,MX,22.8909,-109.9124,73.99,73,75,11.5,1619655818
Ponta do Sol,PT,32.6667,-17.1,60.01,79,69,1.01,1619655893
Coyhaique,CL,-45.5752,-72.0662,48.2,87,75,3.44,1619655893
Bose,IT,45.4612,8.0137,54.0,90,100,2.01,1619655894
Cabedelo,BR,-6.9811,-34.8339,77.0,88,20,5.75,1619655894
Algiers,DZ,36.7525,3.042,62.6,77,75,3.44,1619655610
Yellowknife,CA,62.456,-114.3525,25.0,54,20,16.11,1619655894
Chunskiy,RU,56.0815,99.6342,31.96,94,100,11.43,1619655895
Patin-ay,PH,8.5506,125.9372,80.2,79,39,0.63,1619655895
Cayenne,GF,4.9333,-52.3333,77.0,94,75,6.91,1619655896
Dikson,RU,73.5069,80.5464,15.04,96,99,7.11,1619655896
Barrow,US,71.2906,-156.7887,19.4,86,90,8.05,1619655896
Olmos,PE,-5.9847,-79.7453,75.94,61,94,6.93,1619655896
Kavieng,PG,-2.5744,150.7967,83.48,72,96,7.36,1619655897
Xiongyue,CN,40.1774,122.1228,55.54,55,91,11.92,1619655897
Bathsheba,BB,13.2167,-59.5167,78.8,65,75,20.71,1619655897
Caravelas,BR,-17.7125,-39.2481,75.07,78,38,5.7,1619655898
Peniche,PT,39.3558,-9.3811,57.0,73,61,7.0,1619655898
North Bend,US,43.4065,-124.2243,61.0,72,1,10.36,1619655898
Kruisfontein,ZA,-34.0033,24.7314,63.0,82,95,1.99,1619655655
Katsuura,JP,35.1333,140.3,68.0,77,75,13.8,1619655899
Kamina,CD,-8.7386,24.9906,64.63,94,88,2.26,1619655899
Dumai,ID,1.6833,101.45,75.06,96,100,2.13,1619655899
Parrita,CR,9.5201,-84.3225,73.4,73,75,9.22,1619655654
Vao,NC,-22.6667,167.4833,73.62,58,57,15.95,1619655900
Yar-Sale,RU,66.8333,70.8333,5.5,98,56,4.25,1619655900
Bétaré Oya,CM,5.6,14.0833,67.77,93,99,5.3,1619655901
Port-Cartier,CA,50.0334,-66.8654,46.99,61,75,4.61,1619655901
Kenai,US,60.5544,-151.2583,55.4,38,1,9.22,1619655902
Kavaratti,IN,10.5669,72.642,83.55,71,0,3.74,1619655904
Guiren,CN,33.6697,118.1889,64.04,54,3,17.36,1619655904
Isoka,ZM,-10.1606,32.6335,60.94,98,14,1.32,1619655904
Agbor,NG,6.2518,6.1934,74.77,86,99,4.25,1619655905
Talnakh,RU,69.4865,88.3972,30.6,97,100,7.76,1619655888
Kongwa,TZ,-6.2,36.4167,64.76,97,63,3.06,1619655905
Kampene,CD,-3.6,26.6667,69.17,98,100,1.77,1619655906
Grindavik,IS,63.8424,-22.4338,37.4,100,0,5.75,1619655906
Boa Vista,BR,2.8197,-60.6733,86.0,51,20,3.44,1619655906
Cidreira,BR,-30.1811,-50.2056,64.33,81,57,7.81,1619655655
Poya,NC,-21.35,165.15,76.91,50,6,9.19,1619655907
Saint George,US,37.1041,-113.5841,78.01,16,1,6.91,1619655907
San Juan,AR,-31.5375,-68.5364,70.79,34,0,7.09,1619655821
Cap Malheureux,MU,-19.9842,57.6142,75.0,91,98,5.01,1619655907
Ostrovnoy,RU,68.0531,39.5131,14.18,86,91,8.93,1619655908
Litovko,RU,49.2361,135.1742,49.41,59,85,7.99,1619655908
Bahía Honda,CU,22.9036,-83.1592,79.05,73,4,12.93,1619655909
Lagoa,PT,39.05,-27.9833,58.33,68,33,12.82,1619655909
Lourdes,FR,43.1,-0.05,48.2,93,90,4.61,1619655762
Leh,IN,34.1667,77.5833,33.53,49,56,1.03,1619655909
Atambua,ID,-9.1061,124.8925,76.84,65,22,1.34,1619655910
Siavonga,ZM,-16.5382,28.7088,73.99,58,11,4.56,1619655910
Gravdal,NO,68.1214,13.5031,35.33,72,71,8.99,1619655910
Menongue,AO,-14.6585,17.691,61.09,65,52,3.71,1619655911
Itupiranga,BR,-5.1347,-49.3267,77.0,95,20,2.86,1619655911
Imbituba,BR,-28.24,-48.6703,68.0,73,0,10.36,1619655911
Provideniya,RU,64.3833,-173.3,33.8,60,20,15.66,1619655912
Quetta,PK,30.199,67.0097,65.01,35,69,2.75,1619655912
Luan,CH,46.3592,6.9759,52.0,93,100,3.0,1619655912
Jalu,LY,29.0331,21.5482,77.45,9,61,9.55,1619655913
Laguna,US,38.421,-121.4238,89.01,10,1,6.91,1619655754
Te Anau,NZ,-45.4167,167.7167,53.1,90,100,5.93,1619655913
George Town,MY,5.4112,100.3354,80.01,88,20,3.44,1619655913
Saint-Joseph,RE,-21.3667,55.6167,75.2,73,0,6.91,1619655914
Portland,US,45.5234,-122.6762,73.0,35,90,0.94,1619655867
Bismarck,US,46.8083,-100.7837,66.2,26,75,10.36,1619655782
Deputatsky,RU,69.3,139.9,19.2,82,34,3.96,1619655914
Ponta do Sol,PT,32.6667,-17.1,60.01,79,69,1.01,1619655915
Ushtobe,KZ,45.2514,77.9838,62.69,42,0,3.76,1619655915
Marsh Harbour,BS,26.5412,-77.0636,74.88,75,89,16.98,1619655915
Povenets,RU,62.8487,34.8262,31.39,90,89,4.97,1619655915
Minas de Barroterán,MX,27.6333,-101.2833,98.69,16,20,4.0,1619655916
Haines Junction,CA,60.7522,-137.5108,42.8,33,78,8.05,1619655916
Nazas,MX,25.2333,-104.1333,87.82,13,3,29.26,1619655916
Sistranda,NO,63.7256,8.834,32.0,86,20,2.3,1619655917
Pánuco,MX,22.05,-98.1667,80.6,83,20,23.02,1619655917
Mocorito,MX,25.4833,-107.9167,82.0,37,0,10.0,1619655917
Asău,RO,46.4333,26.4,42.01,61,99,2.15,1619655918
Tabuk,PH,17.4189,121.4443,79.68,65,41,5.06,1619655918
Mandera,KE,3.9366,41.867,81.93,66,100,13.27,1619655918
Isangel,VU,-19.55,169.2667,80.6,61,40,5.75,1619655918
Hirara,JP,24.8,125.2833,75.2,83,75,11.5,1619655919
Yulara,AU,-25.2406,130.9889,66.2,32,0,11.5,1619655919
Tateyama,JP,34.9833,139.8667,68.0,77,75,13.8,1619655919
Zambezi,ZM,-13.5432,23.1047,63.37,90,59,5.35,1619655920
Talcahuano,CL,-36.7167,-73.1167,59.0,88,0,9.22,1619655920
Severodvinsk,RU,64.5635,39.8302,23.0,93,20,5.7,1619655920
Bethel,US,41.3712,-73.414,69.8,46,90,5.01,1619655921
Mineros,BO,-17.1167,-63.2333,68.0,73,75,6.91,1619655921
Brewster,US,41.3973,-73.6171,66.0,80,100,5.88,1619655921
Henderson,US,36.0397,-114.9819,82.99,10,1,17.27,1619655638
Cocentaina,ES,38.7398,-0.4398,57.99,91,99,1.01,1619655922
Canguaretama,BR,-6.38,-35.1289,78.8,83,20,5.75,1619655922
Buin,CL,-33.7333,-70.75,71.01,52,0,8.05,1619655922
Ishinomaki,JP,38.4167,141.3,57.2,88,75,1.14,1619655923
Consett,GB,54.854,-1.8316,39.0,90,78,6.53,1619655923
Sabang,ID,5.8933,95.3214,82.22,71,75,1.7,1619655923
Oistins,BB,13.0667,-59.5333,78.8,65,75,20.71,1619655694
Megion,RU,61.0296,76.1136,37.4,75,0,6.71,1619655924
Port Keats,AU,-14.25,129.55,84.25,61,9,9.4,1619655924
Durban,ZA,-29.8579,31.0292,72.0,88,75,4.61,1619655924
Road Town,VG,18.4167,-64.6167,75.99,78,75,6.91,1619655916
Patancheru,IN,17.5314,78.265,79.0,61,40,5.75,1619655925
Abū Zabad,SD,12.35,29.25,84.38,18,65,4.72,1619655925
Guiglo,CI,6.5456,-7.4966,74.14,98,68,1.81,1619655926
Chambersburg,US,39.9376,-77.6611,82.4,39,75,4.61,1619655788
Grand Island,US,40.925,-98.342,62.6,63,20,12.66,1619655926
Alofi,NU,-19.0595,-169.9187,84.2,84,90,8.05,1619655927
Kropotkin,RU,45.4375,40.5756,50.0,85,49,9.8,1619655927
Tuatapere,NZ,-46.1333,167.6833,57.99,80,93,8.01,1619655927
Rumford,US,44.5537,-70.5509,54.0,87,100,1.01,1619655928
Māgadi,IN,12.9667,77.2333,71.6,73,48,1.14,1619655928
Bay City,US,43.5945,-83.8889,51.8,82,90,13.8,1619655689
Thenali,IN,16.2425,80.6398,80.6,94,75,3.74,1619655928
Angoram,PG,-4.0625,144.0661,82.96,73,100,3.58,1619655929
Chokurdakh,RU,70.6333,147.9167,17.87,90,82,10.78,1619655929
Rocky Mountain House,CA,52.3668,-114.9188,57.2,33,87,3.44,1619655929
Lichuan,CN,30.3,108.85,54.84,87,77,2.51,1619655930
Havøysund,NO,70.9963,24.6622,26.6,74,75,4.61,1619655930
Nabire,ID,-3.3667,135.4833,83.75,67,82,2.1,1619655930
Sena Madureira,BR,-9.0656,-68.6569,71.69,98,46,2.86,1619655931
Joura,IN,26.3411,77.8115,85.57,8,18,1.52,1619655931
Kholtoson,RU,50.2981,103.3097,35.1,80,99,3.06,1619655931
Kailua,US,21.4022,-157.7394,80.6,69,90,9.22,1619655932
Harfleur,FR,49.5066,0.1983,44.6,87,90,8.05,1619655932
Samarai,PG,-10.6167,150.6667,80.33,71,100,11.16,1619655932
Tagbac,PH,7.089,125.1567,82.4,78,75,6.91,1619655933
Ashland,US,40.8167,-82.2665,73.4,60,90,16.11,1619655933
Cururupu,BR,-1.8283,-44.8683,75.2,89,100,2.84,1619655933
Ocós,GT,14.5094,-92.1933,82.4,83,90,3.44,1619655934
Hasaki,JP,35.7333,140.8333,63.0,94,75,5.75,1619655934
Sur,OM,22.5667,59.5289,85.5,39,98,3.29,1619655934
Huarmey,PE,-10.0681,-78.1522,68.13,86,21,9.51,1619655885
Tecolutla,MX,20.4833,-97.0167,86.0,66,40,11.5,1619655935
Coquimbo,CL,-29.9533,-71.3436,57.2,88,0,3.78,1619655935
Arkhangel’skoye,RU,55.8549,35.3287,29.35,92,35,5.28,1619655935
Brae,GB,60.3964,-1.353,37.4,87,40,10.36,1619655936
Souillac,MU,-20.5167,57.5167,77.0,83,75,11.5,1619655936
Şabrātah,LY,32.7933,12.4885,71.19,59,88,12.08,1619655936
Madison,US,34.7334,-86.5667,77.0,61,90,3.44,1619655757
Alma,CA,48.5501,-71.6491,59.0,36,75,6.91,1619655832
Saryg-Sep,RU,51.5,95.6,43.79,89,97,5.06,1619655937
Ryōtsu-minato,JP,38.0833,138.4333,55.4,100,75,5.75,1619655937
Samarinda,ID,-0.5,117.15,76.93,92,99,0.81,1619655938
Lázaro Cárdenas,MX,17.9583,-102.2,81.54,68,66,11.79,1619655938
Atar,MR,20.5169,-13.0499,83.79,20,93,4.03,1619655938
Tegul'det,RU,57.3064,88.1667,38.98,93,67,8.05,1619655939
Fare,PF,-16.7,-151.0167,81.73,73,42,9.62,1619655939
Kendari,ID,-3.945,122.4989,81.01,74,70,0.4,1619655939
Tarrafal,CV,15.2833,-23.7667,71.6,73,40,14.97,1619655940
Buraidah,SA,26.326,43.975,71.6,56,20,4.61,1619655940
Oyama,JP,36.3,139.8,66.0,88,75,6.91,1619655940
Colonia Nueva Germania,PY,-23.9,-56.5667,59.5,55,63,4.07,1619655940
Rio Brilhante,BR,-21.8019,-54.5464,66.07,35,43,8.95,1619655941
Hereford,GB,52.0568,-2.7148,39.99,59,46,6.44,1619655703
Sterlibashevo,RU,53.4376,55.2578,36.25,88,65,7.61,1619655941
Lamu,KE,-2.2717,40.902,79.54,85,5,6.87,1619655942
Poykovskiy,RU,61.2333,73.3333,37.4,100,75,2.24,1619655942
Nishihara,JP,26.1842,127.7558,73.4,83,90,14.97,1619655891
Lodwar,KE,3.1191,35.5973,82.96,52,67,15.26,1619655942
Naters,CH,46.3254,7.9891,53.01,94,100,5.01,1619655943
Beloha,MG,-25.1667,45.05,69.75,90,0,5.14,1619655943
Clyde River,CA,70.4692,-68.5914,23.0,93,1,10.36,1619655944
Bandarbeyla,SO,9.4942,50.8122,82.81,78,20,4.18,1619655851
Norman Wells,CA,65.282,-126.8329,33.8,47,1,19.57,1619655944
Auki,SB,-8.7676,160.7034,84.38,65,53,2.51,1619655944
Clovis,US,36.8252,-119.7029,82.99,17,20,3.44,1619655942
Biltine,TD,14.5333,20.9167,84.16,10,83,9.08,1619655945
Peleduy,RU,59.6289,112.7406,27.63,81,33,7.18,1619655945
Saint Paul Harbor,US,57.79,-152.4072,44.6,93,90,6.91,1619655723
Georgiyevka,KZ,43.0369,74.7114,57.2,62,0,6.71,1619655946
Oranjemund,NA,-28.55,16.4333,58.28,89,34,15.7,1619655946
Nioro,GM,13.35,-15.75,80.04,31,25,10.47,1619655861
Makat,KZ,47.6469,53.3463,48.94,70,87,13.44,1619655946
Maltahöhe,NA,-24.8333,16.9833,63.03,39,0,7.58,1619655947
Harper,LR,4.375,-7.7169,80.24,83,56,5.97,1619655947
Porto Santo,PT,33.072,-16.3415,62.6,67,75,3.44,1619655947
Udachny,RU,66.4167,112.4,28.89,85,49,6.22,1619655948
Kyzyl-Suu,KG,42.3414,78.0056,50.65,43,0,8.5,1619655948
Katherine,AU,-14.4667,132.2667,84.2,61,20,10.36,1619655948
Cedar City,US,37.6775,-113.0619,61.0,25,1,21.85,1619655855
Tilichiki,RU,60.4667,166.1,30.81,96,99,5.08,1619655949
Nizwá,OM,22.9333,57.5333,82.36,29,99,3.02,1619655949
Usinsk,RU,65.9939,57.5281,27.75,86,99,9.13,1619655949
The Valley,AI,18.217,-63.0578,75.2,78,75,1.14,1619655906
Lenger,KZ,42.183,69.8839,59.0,58,0,4.47,1619655950
Rochegda,RU,62.8,43.25,29.12,81,100,4.43,1619655950
Severnyy-Kospashskiy,RU,59.0925,57.8008,37.0,100,100,1.99,1619655950
Edéia,BR,-17.3383,-49.9314,70.63,30,52,3.78,1619655951
Hella,NO,67.2,14.4333,32.0,69,40,6.91,1619655951
Thames,NZ,-37.1333,175.5333,66.99,69,72,3.0,1619655951
Yining,CN,29.0361,114.5636,64.45,82,69,2.91,1619655952
Arman',RU,59.7,150.1667,34.61,71,49,1.03,1619655952
Lavrentiya,RU,65.5833,-171.0,27.72,73,7,6.78,1619655952
Margate,GB,51.3813,1.3862,45.0,78,100,8.01,1619655953
Santa Fe,AR,-31.6333,-60.7,64.99,71,0,1.99,1619655953
Fukuechō,JP,32.6881,128.8419,60.8,100,75,4.61,1619655954
Abu Samrah,SY,35.3029,37.1841,64.72,47,0,6.53,1619655954
Inírida,CO,3.8653,-67.9239,73.74,96,98,1.36,1619655954
Noumea,NC,-22.2763,166.4572,80.01,53,0,12.66,1619655657
Narsaq,GL,60.9167,-46.05,37.4,81,75,10.36,1619655955
Djibo,BF,14.1022,-1.6306,90.1,28,21,9.33,1619655955
Villacarrillo,ES,38.1156,-3.0848,48.83,90,17,2.24,1619655955
Larsnes,NO,62.2028,5.5773,39.99,81,15,7.0,1619655956
Manta,EC,-0.95,-80.7333,80.6,74,75,6.91,1619655956
Williams Lake,CA,52.1415,-122.1445,46.4,93,90,8.05,1619655956
Darnah,LY,32.767,22.6367,80.96,17,63,28.43,1619655958
Correntina,BR,-13.3433,-44.6367,73.89,63,68,1.28,1619655958
Nikolskoye,RU,59.7035,30.7861,35.6,75,0,11.18,1619655958
Umluj,SA,25.0213,37.2685,80.91,38,0,8.3,1619655959
Tazovsky,RU,67.4667,78.7,29.64,97,100,4.83,1619655959
Outjo,NA,-20.1167,16.15,64.18,37,1,2.04,1619655959
Vila Velha,BR,-20.3297,-40.2925,75.2,78,75,6.91,1619655960
Maniitsoq,GL,65.4167,-52.9,35.46,80,100,1.3,1619655960
Port Elizabeth,ZA,-33.918,25.5701,60.8,88,20,18.41,1619655960
Kahului,US,20.8947,-156.47,82.4,65,40,11.5,1619655860
Saravena,CO,6.9538,-71.8752,74.26,89,100,2.01,1619655961
Celestún,MX,20.8667,-90.4,87.76,57,1,16.2,1619655961
Half Moon Bay,US,37.4636,-122.4286,82.4,72,1,10.36,1619655961
Batagay-Alyta,RU,67.8006,130.4114,19.02,69,12,2.19,1619655896
Hohhot,CN,40.8106,111.6522,44.6,49,20,13.42,1619655962
Dhidhdhoo,MV,6.8833,73.1,83.8,73,11,7.56,1619655962
Qasigiannguit,GL,68.8193,-51.1922,33.8,80,100,8.05,1619655962
Little Chute,US,44.28,-88.3184,55.99,78,96,7.61,1619655963
Suoyarvi,RU,62.0833,32.35,31.17,84,100,5.44,1619655963
Rawson,AR,-43.3002,-65.1023,62.67,65,70,11.32,1619655963
Belyy Yar,RU,53.6039,91.3903,46.4,66,0,8.95,1619655964
Sirte,LY,31.2089,16.5887,83.19,30,97,9.51,1619655964
São João da Barra,BR,-21.6403,-41.0511,74.01,72,56,8.84,1619655964
Dingcheng,CN,32.1272,115.0394,66.07,61,47,19.6,1619655965
Anadyr,RU,64.75,177.4833,24.8,80,0,4.47,1619655965
Creel,MX,27.75,-107.6333,50.99,28,2,21.68,1619655965
Camaná,PE,-16.6228,-72.7111,67.28,86,59,7.02,1619655965
Lithgow,AU,-33.4833,150.15,60.01,100,4,0.74,1619655966
Trat,TH,12.5,102.5,79.0,99,94,2.21,1619655966
Saint-Pierre,RE,-21.3393,55.4781,75.2,73,0,6.91,1619655967
Portobelo,PA,9.55,-79.65,82.4,65,20,4.61,1619655967
Berlevåg,NO,70.8578,29.0864,28.89,68,100,16.62,1619655967
Yataity del Norte,PY,-24.8333,-56.35,56.7,62,20,4.54,1619655968
Dergachi,RU,51.2328,48.7659,38.75,82,1,7.0,1619655968
Impfondo,CG,1.6381,18.0667,72.01,97,100,1.52,1619655968
Euclid,US,41.5931,-81.5268,73.4,64,40,13.8,1619655710
Maxixe,MZ,-23.8597,35.3472,72.07,80,0,6.49,1619655969
Ust-Kuyga,RU,70.0167,135.6,19.6,90,89,7.11,1619655969
Verkhnevilyuysk,RU,63.4453,120.3167,29.82,76,34,0.49,1619655969
Denpasar,ID,-8.65,115.2167,80.6,83,20,2.3,1619655970
Bertoua,CM,4.5833,13.6833,68.31,99,89,3.33,1619655970
Ixtapa,MX,20.7,-105.2,78.8,73,20,10.36,1619655970
Eyl,SO,7.9803,49.8164,83.01,76,18,5.12,1619655956
Poum,NC,-20.2333,164.0167,74.64,54,0,7.67,1619655971
Niono,ML,14.2526,-5.993,92.84,31,83,11.92,1619655971
Yangambi,CD,0.8102,24.4336,71.37,99,100,3.29,1619655971
Ashquelon,IL,31.6693,34.5715,64.0,94,0,3.44,1619655971
Matagami,CA,49.7502,-77.6328,55.4,24,1,4.61,1619655972
Praia,CV,14.9215,-23.5087,71.6,73,40,14.97,1619655972
Mount Gambier,AU,-37.8333,140.7667,55.4,82,6,8.05,1619655972
Djenné,ML,13.9061,-4.5533,95.61,26,91,6.53,1619655973
Magadan,RU,59.5667,150.8,32.04,80,24,2.26,1619655973
Jacareacanga,BR,-6.2222,-57.7528,71.82,99,100,1.5,1619655973
Bozeman,US,45.6796,-111.0386,66.99,24,1,16.11,1619655753
Kaili,ID,-3.4626,120.2147,72.63,82,89,1.1,1619655974
Alexandria,EG,31.2156,29.9553,66.2,77,0,6.91,1619655834
Lüderitz,NA,-26.6481,15.1594,60.67,74,1,19.19,1619655974
Korčula,HR,42.9622,17.1369,53.6,100,75,1.14,1619655834
Cherskiy,RU,68.75,161.3,29.8,98,100,7.34,1619655975
Altay,CN,47.8667,88.1167,52.61,55,49,6.33,1619655975
Molokovo,RU,58.1661,36.7628,29.37,96,37,5.39,1619655975
La Flèche,FR,47.6982,-0.0755,48.2,81,0,4.61,1619655976
Kasongo-Lunda,CD,-6.4667,16.8167,70.77,95,88,0.27,1619655976
Páez,CO,5.1011,-73.0512,65.26,98,96,0.43,1619655976
Mackay,AU,-21.15,149.2,75.2,73,75,14.97,1619655977
Port Blair,IN,11.6667,92.75,78.8,83,40,1.14,1619655863
Port Hedland,AU,-20.3167,118.5667,82.4,23,2,10.36,1619655977
Bara,NG,10.3744,10.7288,82.35,10,51,1.25,1619655977
Limbang,MY,4.75,115.0,78.8,94,75,3.44,1619655978
Mukhtolovo,RU,55.4644,43.1953,32.7,94,15,7.34,1619655978
Yeppoon,AU,-23.1333,150.7333,71.6,68,75,12.66,1619655978
Bāglung,NP,28.2719,83.5898,66.74,29,26,7.16,1619655979
Fort Nelson,CA,58.8053,-122.7002,37.4,35,20,5.75,1619655979
Goderich,CA,43.7501,-81.7165,41.0,93,99,9.22,1619655944
Barreirinhas,BR,-2.7469,-42.8264,76.06,91,80,4.79,1619655979
Gaza,PS,31.5,34.4667,64.0,94,0,3.44,1619655980
Abnūb,EG,27.2696,31.1511,71.6,37,0,11.5,1619655980
Bonavista,CA,48.6499,-53.1147,39.99,93,93,5.75,1619655980
Kabinda,CD,-6.1333,24.4833,69.21,88,49,3.38,1619655981
Pangnirtung,CA,66.1451,-65.7125,34.61,83,100,3.78,1619655981
Guasdualito,VE,7.2424,-70.7324,84.2,70,100,1.14,1619655981
Ambon City,ID,-3.6954,128.1814,82.4,78,40,3.44,1619655982
Susurluk,TR,39.9136,28.1578,60.8,67,75,1.81,1619655982
Namatanai,PG,-3.6667,152.4333,84.58,66,79,5.77,1619655982
Kyrksæterøra,NO,63.2906,9.0891,35.6,86,20,2.3,1619655982
Hualmay,PE,-11.0964,-77.6139,66.99,85,28,9.98,1619655983
Tobol,KZ,52.6844,62.5794,42.33,84,64,6.96,1619655983
Thinadhoo,MV,0.5333,72.9333,82.85,70,95,6.76,1619655983
Geraldton,AU,-28.7667,114.6,62.6,63,95,9.22,1619655984
Yārāda,IN,17.65,83.2667,82.4,94,40,3.44,1619655984
Krasnosel'kup,RU,65.7,82.4667,31.68,94,100,8.32,1619655984
Eureka,US,40.8021,-124.1637,66.0,65,25,5.01,1619655807
Ankazoabo,MG,-22.2833,44.5167,70.84,72,61,4.94,1619655985
Gonbad-e Kāvūs,IR,37.25,55.1672,60.8,88,90,6.02,1619655813
Ola,RU,59.5833,151.2833,31.89,68,19,2.75,1619655985
Nānākuli,US,21.3906,-158.1547,82.4,51,90,11.5,1619655985
Polson,US,47.6936,-114.1632,66.99,36,96,8.01,1619655986
Muhoroni,KE,-0.1541,35.1988,62.76,94,93,3.53,1619655986
Kholodnyy,RU,62.7167,147.95,28.85,89,74,1.61,1619655987
Umm Kaddadah,SD,13.6017,26.6876,80.04,14,46,15.9,1619655987
Sohbatpur,PK,28.5202,68.5434,85.53,22,2,5.08,1619655987
Xai-Xai,MZ,-25.0519,33.6442,67.08,88,0,4.94,1619655988
Sittwe,MM,20.15,92.9,80.13,80,2,3.38,1619655988
Camacha,PT,33.0833,-16.3333,62.6,67,75,3.44,1619655988
Neuquén,AR,-38.9516,-68.0591,59.0,88,0,2.3,1619655989
Vitória,BR,-20.3194,-40.3378,75.2,78,75,6.91,1619655979
Tahe,CN,52.3333,124.7333,42.49,71,100,2.84,1619655989
Baharly,TM,38.4362,57.4316,73.54,54,86,5.59,1619655989
Areosa,PT,41.7178,-8.8571,51.8,76,40,3.44,1619655990
Makakilo City,US,21.3469,-158.0858,82.4,51,90,11.5,1619655829
Killybegs,IE,54.6333,-8.45,43.07,77,95,8.43,1619655990
La Ronge,CA,55.1001,-105.2842,33.8,55,100,3.44,1619655990
Uray,RU,60.1247,64.7758,36.43,85,97,11.63,1619655991
Zabaykal'sk,RU,49.6333,117.3167,29.61,73,90,17.6,1619655991
Egvekinot,RU,66.3167,-179.1667,20.66,85,51,2.59,1619655991
Benghazi,LY,32.1167,20.0667,79.38,24,92,16.87,1619655992
Birjand,IR,32.8663,59.2211,60.8,31,40,6.91,1619655993
Makassar,ID,-5.14,119.4221,77.0,94,20,4.61,1619655994
Mossamedes,AO,-15.1961,12.1522,74.88,68,26,8.79,1619655994
Zhigansk,RU,66.7697,123.3711,27.97,86,81,3.0,1619655994
Tarko-Sale,RU,64.9225,77.785,33.01,89,100,5.26,1619655994
Palana,RU,59.1167,159.9667,31.91,93,96,6.2,1619655995
Lima,PE,-12.0432,-77.0282,64.4,88,40,5.75,1619655863
Catalão,BR,-18.1658,-47.9464,68.4,37,100,2.1,1619655995
Insar,RU,53.8653,44.3738,33.28,88,27,7.34,1619655996
Bergen,NO,60.392,5.328,42.01,65,0,3.98,1619655996
Manaure,CO,11.7751,-72.4445,79.84,74,84,17.83,1619655996
Dvinskoy,RU,62.1535,45.1175,29.86,80,100,4.05,1619655997
Gornozavodsk,RU,58.3758,58.3211,34.81,91,93,8.03,1619655997
Asheboro,US,35.7079,-79.8136,77.0,50,1,6.58,1619655755
Kulhudhuffushi,MV,6.6221,73.07,83.71,74,10,7.72,1619655997
Bereda,ES,43.2686,-7.5406,42.01,96,40,3.0,1619655998
Chernyshevskiy,RU,63.0128,112.4714,27.91,79,19,1.59,1619655998
Turaif,SA,31.6725,38.6637,64.4,34,0,8.05,1619655998
Formosa,AR,-26.1775,-58.1781,59.0,100,0,4.61,1619655999
Kiboga,UG,0.9161,31.7742,61.34,97,96,2.98,1619655999
Port Macquarie,AU,-31.4333,152.9167,69.01,65,76,1.99,1619655805
Olafsvik,IS,64.8945,-23.7142,41.41,71,12,3.91,1619655999
Parambu,BR,-6.2111,-40.6944,74.75,68,64,2.51,1619656000
San Patricio,US,28.017,-97.5169,80.6,83,75,19.57,1619656000
Balikpapan,ID,-1.2675,116.8289,76.75,90,100,3.33,1619655880
Chicama,PE,-7.8447,-79.1469,64.4,88,87,9.22,1619656000
Antofagasta,CL,-23.65,-70.4,60.8,82,0,5.75,1619655742
Basco,PH,20.4487,121.9702,77.67,76,98,6.6,1619656001
Soe,ID,-9.8607,124.284,72.18,63,17,0.38,1619656001
Grafton,US,42.207,-71.6856,60.01,72,90,9.22,1619656001
Lødingen,NO,68.414,15.9951,34.0,86,78,5.75,1619656002
La Santisima Trinidad,BO,-14.8333,-64.9,73.4,64,75,5.75,1619656002
Elk Point,US,42.6833,-96.6836,66.2,55,1,6.91,1619656003
Kremenki,RU,54.885,37.1261,42.8,70,50,4.47,1619656003
Lompoc,US,34.6391,-120.4579,62.6,67,0,18.41,1619655896
Jyvaskyla,FI,62.2415,25.7209,28.0,100,0,4.61,1619656003
Saint Anthony,US,45.0205,-93.218,63.0,39,1,3.44,1619656004
São Filipe,CV,14.8961,-24.4956,71.91,79,18,8.57,1619656004
Fredericksburg,US,38.3032,-77.4605,80.6,47,40,8.05,1619655793
Ulladulla,AU,-35.35,150.4667,64.4,63,0,6.91,1619656004
Kandrian,PG,-6.2167,149.55,77.99,87,100,4.63,1619656005
Mollendo,PE,-17.0231,-72.0147,66.54,85,73,6.78,1619656005
Emba,KZ,48.8264,58.1442,48.29,61,99,4.83,1619656005
Kirakira,SB,-10.4544,161.9205,83.86,60,28,3.15,1619656006
